timestamp,gpu,util,mem_used,mem_total,power
2026-08-02T15:39:54+09:00,0, 0, 470, 49140, 30.13
2026-08-02T15:39:54+09:00,1, 0, 64, 49140, 32.17
2026-08-02T15:40:24+09:00,0, 0, 470, 49140, 29.94
2026-08-02T15:40:24+09:00,1, 0, 64, 49140, 31.85
2026-08-02T15:40:54+09:00,0, 0, 470, 49140, 30.36
2026-08-02T15:40:54+09:00,1, 0, 64, 49140, 32.07
2026-08-02T15:41:24+09:00,0, 0, 470, 49140, 30.15
2026-08-02T15:41:24+09:00,1, 0, 64, 49140, 31.81
2026-08-02T15:41:54+09:00,0, 0, 904, 49140, 30.65
2026-08-02T15:41:54+09:00,1, 0, 498, 49140, 32.30
2026-08-02T15:42:24+09:00,0, 0, 904, 49140, 30.16
2026-08-02T15:42:24+09:00,1, 0, 498, 49140, 32.09
2026-08-02T15:42:54+09:00,0, 0, 904, 49140, 29.97
2026-08-02T15:42:54+09:00,1, 0, 498, 49140, 32.23
2026-08-02T15:43:24+09:00,0, 0, 904, 49140, 43.12
2026-08-02T15:43:24+09:00,1, 0, 498, 49140, 38.64
2026-08-02T15:43:54+09:00,0, 0, 904, 49140, 30.74
2026-08-02T15:43:54+09:00,1, 0, 498, 49140, 32.49
2026-08-02T15:44:24+09:00,0, 0, 904, 49140, 30.74
2026-08-02T15:44:24+09:00,1, 0, 498, 49140, 32.43
2026-08-02T15:44:54+09:00,0, 0, 904, 49140, 30.05
2026-08-02T15:44:54+09:00,1, 0, 498, 49140, 32.41
2026-08-02T15:45:24+09:00,0, 0, 904, 49140, 30.92
2026-08-02T15:45:24+09:00,1, 0, 498, 49140, 32.48
2026-08-02T15:45:55+09:00,0, 0, 904, 49140, 30.57
2026-08-02T15:45:55+09:00,1, 0, 498, 49140, 32.21
2026-08-02T15:46:25+09:00,0, 0, 904, 49140, 30.29
2026-08-02T15:46:25+09:00,1, 0, 498, 49140, 32.23
2026-08-02T15:46:55+09:00,0, 0, 904, 49140, 30.24
2026-08-02T15:46:55+09:00,1, 0, 498, 49140, 32.24
2026-08-02T15:47:25+09:00,0, 0, 904, 49140, 30.21
2026-08-02T15:47:25+09:00,1, 0, 498, 49140, 32.27
2026-08-02T15:47:55+09:00,0, 0, 904, 49140, 30.13
2026-08-02T15:47:55+09:00,1, 0, 498, 49140, 32.33
2026-08-02T15:48:25+09:00,0, 0, 904, 49140, 29.64
2026-08-02T15:48:25+09:00,1, 0, 498, 49140, 32.27
2026-08-02T15:48:55+09:00,0, 100, 5702, 49140, 210.51
2026-08-02T15:48:55+09:00,1, 100, 5295, 49140, 223.25
2026-08-02T15:49:25+09:00,0, 0, 5702, 49140, 119.47
2026-08-02T15:49:25+09:00,1, 0, 5295, 49140, 108.46
2026-08-02T15:49:55+09:00,0, 0, 5702, 49140, 78.58
2026-08-02T15:49:55+09:00,1, 0, 5295, 49140, 102.77
2026-08-02T15:50:25+09:00,0, 0, 5702, 49140, 120.50
2026-08-02T15:50:25+09:00,1, 0, 5295, 49140, 155.24
2026-08-02T15:50:55+09:00,0, 100, 5990, 49140, 227.97
2026-08-02T15:50:55+09:00,1, 0, 5295, 49140, 80.26
2026-08-02T15:51:25+09:00,0, 76, 5990, 49140, 193.87
2026-08-02T15:51:25+09:00,1, 100, 5295, 49140, 214.54
2026-08-02T15:51:55+09:00,0, 100, 5992, 49140, 151.15
2026-08-02T15:51:55+09:00,1, 100, 5297, 49140, 174.32
2026-08-02T15:52:25+09:00,0, 0, 5992, 49140, 91.16
2026-08-02T15:52:25+09:00,1, 0, 5297, 49140, 116.21
2026-08-02T15:52:55+09:00,0, 0, 5992, 49140, 119.06
2026-08-02T15:52:55+09:00,1, 0, 5297, 49140, 124.48
2026-08-02T15:53:25+09:00,0, 0, 5992, 49140, 176.90
2026-08-02T15:53:25+09:00,1, 0, 5297, 49140, 176.60
2026-08-02T15:53:55+09:00,0, 0, 5992, 49140, 84.96
2026-08-02T15:53:55+09:00,1, 0, 5297, 49140, 38.91
2026-08-02T15:54:25+09:00,0, 0, 5992, 49140, 99.82
2026-08-02T15:54:25+09:00,1, 0, 5297, 49140, 100.05
2026-08-02T15:54:55+09:00,0, 0, 5992, 49140, 134.05
2026-08-02T15:54:55+09:00,1, 0, 5297, 49140, 117.42
2026-08-02T15:55:25+09:00,0, 0, 5992, 49140, 134.86
2026-08-02T15:55:25+09:00,1, 0, 5297, 49140, 137.35
2026-08-02T15:55:55+09:00,0, 0, 5992, 49140, 170.96
2026-08-02T15:55:55+09:00,1, 0, 5297, 49140, 157.54
2026-08-02T15:56:25+09:00,0, 0, 5992, 49140, 153.80
2026-08-02T15:56:25+09:00,1, 0, 5297, 49140, 83.17
2026-08-02T15:56:55+09:00,0, 0, 5992, 49140, 83.14
2026-08-02T15:56:55+09:00,1, 100, 5297, 49140, 118.56
2026-08-02T15:57:25+09:00,0, 100, 5992, 49140, 238.82
2026-08-02T15:57:25+09:00,1, 0, 5297, 49140, 231.67
2026-08-02T15:57:55+09:00,0, 15, 5992, 49140, 204.43
2026-08-02T15:57:55+09:00,1, 0, 5297, 49140, 194.18
2026-08-02T15:58:25+09:00,0, 0, 5992, 49140, 155.08
2026-08-02T15:58:25+09:00,1, 0, 5297, 49140, 165.22
2026-08-02T15:58:56+09:00,0, 0, 5992, 49140, 134.15
2026-08-02T15:58:56+09:00,1, 0, 5297, 49140, 124.27
2026-08-02T15:59:26+09:00,0, 100, 5992, 49140, 224.10
2026-08-02T15:59:26+09:00,1, 0, 5297, 49140, 81.92
2026-08-02T15:59:56+09:00,0, 0, 5992, 49140, 216.29
2026-08-02T15:59:56+09:00,1, 0, 5297, 49140, 208.87
2026-08-02T16:00:26+09:00,0, 0, 5992, 49140, 87.35
2026-08-02T16:00:26+09:00,1, 0, 5297, 49140, 96.06
2026-08-02T16:00:56+09:00,0, 100, 5992, 49140, 185.91
2026-08-02T16:00:56+09:00,1, 100, 5297, 49140, 200.48
2026-08-02T16:01:26+09:00,0, 100, 5992, 49140, 209.58
2026-08-02T16:01:26+09:00,1, 100, 5297, 49140, 221.04
2026-08-02T16:01:56+09:00,0, 100, 5992, 49140, 244.47
2026-08-02T16:01:56+09:00,1, 100, 5297, 49140, 237.90
2026-08-02T16:02:26+09:00,0, 100, 5992, 49140, 150.69
2026-08-02T16:02:26+09:00,1, 0, 5297, 49140, 39.11
2026-08-02T16:02:56+09:00,0, 100, 5992, 49140, 229.16
2026-08-02T16:02:56+09:00,1, 100, 5297, 49140, 229.57
2026-08-02T16:03:26+09:00,0, 0, 5992, 49140, 121.93
2026-08-02T16:03:26+09:00,1, 0, 5297, 49140, 117.46
2026-08-02T16:03:56+09:00,0, 0, 5992, 49140, 103.86
2026-08-02T16:03:56+09:00,1, 0, 5297, 49140, 117.50
2026-08-02T16:04:26+09:00,0, 0, 5992, 49140, 132.32
2026-08-02T16:04:26+09:00,1, 100, 5297, 49140, 149.54
2026-08-02T16:04:56+09:00,0, 0, 5992, 49140, 168.38
2026-08-02T16:04:56+09:00,1, 0, 5297, 49140, 83.13
2026-08-02T16:05:26+09:00,0, 0, 5992, 49140, 80.46
2026-08-02T16:05:26+09:00,1, 100, 5297, 49140, 119.63
2026-08-02T16:05:56+09:00,0, 100, 5992, 49140, 197.50
2026-08-02T16:05:56+09:00,1, 100, 5297, 49140, 201.81
2026-08-02T16:06:26+09:00,0, 0, 5992, 49140, 241.42
2026-08-02T16:06:26+09:00,1, 0, 5297, 49140, 235.68
2026-08-02T16:06:56+09:00,0, 0, 5992, 49140, 182.08
2026-08-02T16:06:56+09:00,1, 0, 5297, 49140, 173.80
2026-08-02T16:07:26+09:00,0, 0, 5992, 49140, 168.78
2026-08-02T16:07:26+09:00,1, 0, 5297, 49140, 158.49
2026-08-02T16:07:56+09:00,0, 100, 5992, 49140, 231.06
2026-08-02T16:07:56+09:00,1, 0, 5297, 49140, 41.95
2026-08-02T16:08:26+09:00,0, 0, 5992, 49140, 200.53
2026-08-02T16:08:26+09:00,1, 0, 5297, 49140, 191.82
2026-08-02T16:08:56+09:00,0, 0, 5992, 49140, 119.82
2026-08-02T16:08:56+09:00,1, 0, 5297, 49140, 130.58
2026-08-02T16:09:26+09:00,0, 71, 5992, 49140, 154.30
2026-08-02T16:09:26+09:00,1, 10, 5297, 49140, 167.50
2026-08-02T16:09:56+09:00,0, 100, 5992, 49140, 198.38
2026-08-02T16:09:56+09:00,1, 100, 5297, 49140, 212.18
2026-08-02T16:10:26+09:00,0, 0, 5992, 49140, 170.46
2026-08-02T16:10:26+09:00,1, 0, 5297, 49140, 162.90
2026-08-02T16:10:56+09:00,0, 0, 5992, 49140, 119.35
2026-08-02T16:10:56+09:00,1, 0, 5297, 49140, 39.09
2026-08-02T16:11:27+09:00,0, 100, 5992, 49140, 243.53
2026-08-02T16:11:27+09:00,1, 0, 5297, 49140, 229.76
2026-08-02T16:11:57+09:00,0, 0, 5992, 49140, 201.16
2026-08-02T16:11:57+09:00,1, 0, 5297, 49140, 210.14
2026-08-02T16:12:27+09:00,0, 0, 5992, 49140, 172.65
2026-08-02T16:12:27+09:00,1, 0, 5297, 49140, 165.95
2026-08-02T16:12:57+09:00,0, 0, 5992, 49140, 145.99
2026-08-02T16:12:57+09:00,1, 0, 5297, 49140, 154.83
2026-08-02T16:13:27+09:00,0, 100, 5992, 49140, 218.99
2026-08-02T16:13:27+09:00,1, 0, 5297, 49140, 82.56
2026-08-02T16:13:57+09:00,0, 0, 5992, 49140, 106.44
2026-08-02T16:13:57+09:00,1, 0, 5297, 49140, 119.48
2026-08-02T16:14:27+09:00,0, 0, 5992, 49140, 132.01
2026-08-02T16:14:27+09:00,1, 0, 5297, 49140, 126.76
2026-08-02T16:14:57+09:00,0, 0, 5992, 49140, 128.63
2026-08-02T16:14:57+09:00,1, 0, 5297, 49140, 117.07
2026-08-02T16:15:27+09:00,0, 0, 5992, 49140, 118.95
2026-08-02T16:15:27+09:00,1, 0, 5297, 49140, 111.42
2026-08-02T16:15:57+09:00,0, 0, 5992, 49140, 85.61
2026-08-02T16:15:57+09:00,1, 0, 5297, 49140, 99.92
2026-08-02T16:16:27+09:00,0, 0, 5992, 49140, 183.53
2026-08-02T16:16:27+09:00,1, 0, 5297, 49140, 40.91
2026-08-02T16:16:57+09:00,0, 79, 5992, 49140, 233.62
2026-08-02T16:16:57+09:00,1, 98, 5297, 49140, 215.67
2026-08-02T16:17:27+09:00,0, 0, 5992, 49140, 199.82
2026-08-02T16:17:27+09:00,1, 61, 5297, 49140, 189.54
2026-08-02T16:17:57+09:00,0, 0, 5992, 49140, 179.92
2026-08-02T16:17:57+09:00,1, 0, 5297, 49140, 168.52
2026-08-02T16:18:27+09:00,0, 0, 5992, 49140, 135.24
2026-08-02T16:18:27+09:00,1, 0, 5297, 49140, 127.83
2026-08-02T16:18:57+09:00,0, 100, 5992, 49140, 208.07
2026-08-02T16:18:57+09:00,1, 0, 5297, 49140, 85.66
2026-08-02T16:19:27+09:00,0, 6, 5992, 49140, 84.96
2026-08-02T16:19:27+09:00,1, 100, 5297, 49140, 115.95
2026-08-02T16:19:57+09:00,0, 0, 5992, 49140, 142.67
2026-08-02T16:19:57+09:00,1, 0, 5297, 49140, 127.53
2026-08-02T16:20:27+09:00,0, 0, 5992, 49140, 113.03
2026-08-02T16:20:27+09:00,1, 0, 5297, 49140, 122.83
2026-08-02T16:20:57+09:00,0, 0, 5992, 49140, 119.61
2026-08-02T16:20:57+09:00,1, 0, 5297, 49140, 109.15
2026-08-02T16:21:27+09:00,0, 0, 5992, 49140, 97.45
2026-08-02T16:21:27+09:00,1, 0, 5297, 49140, 89.66
2026-08-02T16:21:57+09:00,0, 0, 5992, 49140, 233.97
2026-08-02T16:21:57+09:00,1, 0, 5297, 49140, 82.28
2026-08-02T16:22:27+09:00,0, 100, 5992, 49140, 228.24
2026-08-02T16:22:27+09:00,1, 100, 5297, 49140, 230.30
2026-08-02T16:22:57+09:00,0, 100, 5992, 49140, 228.90
2026-08-02T16:22:57+09:00,1, 100, 5297, 49140, 233.70
2026-08-02T16:23:27+09:00,0, 100, 5992, 49140, 231.57
2026-08-02T16:23:27+09:00,1, 100, 5297, 49140, 235.34
2026-08-02T16:23:57+09:00,0, 100, 5992, 49140, 235.65
2026-08-02T16:23:57+09:00,1, 100, 5297, 49140, 230.81
2026-08-02T16:24:27+09:00,0, 96, 5992, 49140, 223.22
2026-08-02T16:24:27+09:00,1, 100, 5297, 49140, 213.94
2026-08-02T16:24:58+09:00,0, 100, 5992, 49140, 191.49
2026-08-02T16:24:58+09:00,1, 0, 5297, 49140, 40.56
2026-08-02T16:25:28+09:00,0, 0, 5992, 49140, 156.76
2026-08-02T16:25:28+09:00,1, 100, 5297, 49140, 191.54
2026-08-02T16:25:58+09:00,0, 100, 5992, 49140, 198.67
2026-08-02T16:25:58+09:00,1, 100, 5297, 49140, 220.17
2026-08-02T16:26:28+09:00,0, 100, 5992, 49140, 217.81
2026-08-02T16:26:28+09:00,1, 100, 5297, 49140, 233.02
2026-08-02T16:26:58+09:00,0, 100, 5992, 49140, 231.62
2026-08-02T16:26:58+09:00,1, 100, 5297, 49140, 237.91
2026-08-02T16:27:28+09:00,0, 0, 5992, 49140, 116.29
2026-08-02T16:27:28+09:00,1, 0, 5297, 49140, 85.68
2026-08-02T16:27:58+09:00,0, 0, 5992, 49140, 150.31
2026-08-02T16:27:58+09:00,1, 100, 5297, 49140, 62.93
2026-08-02T16:28:28+09:00,0, 100, 5992, 49140, 166.92
2026-08-02T16:28:28+09:00,1, 100, 5297, 49140, 181.71
2026-08-02T16:28:58+09:00,0, 100, 5992, 49140, 208.25
2026-08-02T16:28:58+09:00,1, 100, 5297, 49140, 225.45
2026-08-02T16:29:28+09:00,0, 100, 5992, 49140, 226.49
2026-08-02T16:29:28+09:00,1, 100, 5297, 49140, 236.88
2026-08-02T16:29:58+09:00,0, 100, 5992, 49140, 231.48
2026-08-02T16:29:58+09:00,1, 100, 5297, 49140, 238.27
2026-08-02T16:30:28+09:00,0, 0, 5992, 49140, 105.92
2026-08-02T16:30:28+09:00,1, 0, 5297, 49140, 82.73
2026-08-02T16:30:58+09:00,0, 100, 5992, 49140, 214.12
2026-08-02T16:30:58+09:00,1, 100, 5297, 49140, 216.57
2026-08-02T16:31:28+09:00,0, 100, 5992, 49140, 212.33
2026-08-02T16:31:28+09:00,1, 97, 5297, 49140, 235.25
2026-08-02T16:31:58+09:00,0, 100, 5992, 49140, 229.93
2026-08-02T16:31:58+09:00,1, 15, 5297, 49140, 235.58
2026-08-02T16:32:28+09:00,0, 0, 5992, 49140, 239.92
2026-08-02T16:32:28+09:00,1, 0, 5297, 49140, 237.65
2026-08-02T16:32:58+09:00,0, 0, 5992, 49140, 213.64
2026-08-02T16:32:58+09:00,1, 0, 5297, 49140, 223.51
2026-08-02T16:33:28+09:00,0, 100, 5992, 49140, 172.93
2026-08-02T16:33:28+09:00,1, 0, 5297, 49140, 41.03
2026-08-02T16:33:58+09:00,0, 70, 5992, 49140, 131.56
2026-08-02T16:33:58+09:00,1, 79, 5297, 49140, 135.16
2026-08-02T16:34:28+09:00,0, 100, 5992, 49140, 132.95
2026-08-02T16:34:28+09:00,1, 63, 5297, 49140, 150.83
2026-08-02T16:34:58+09:00,0, 100, 5992, 49140, 167.57
2026-08-02T16:34:58+09:00,1, 100, 5297, 49140, 164.32
2026-08-02T16:35:28+09:00,0, 100, 5992, 49140, 187.16
2026-08-02T16:35:28+09:00,1, 100, 5297, 49140, 208.04
2026-08-02T16:35:58+09:00,0, 0, 5992, 49140, 168.95
2026-08-02T16:35:58+09:00,1, 0, 5297, 49140, 172.20
2026-08-02T16:36:28+09:00,0, 0, 5992, 49140, 120.89
2026-08-02T16:36:28+09:00,1, 0, 5297, 49140, 39.26
2026-08-02T16:36:58+09:00,0, 0, 5992, 49140, 132.74
2026-08-02T16:36:58+09:00,1, 0, 5297, 49140, 141.97
2026-08-02T16:37:29+09:00,0, 0, 5992, 49140, 175.19
2026-08-02T16:37:29+09:00,1, 0, 5297, 49140, 169.31
2026-08-02T16:37:59+09:00,0, 87, 5992, 49140, 199.32
2026-08-02T16:37:59+09:00,1, 0, 5297, 49140, 209.96
2026-08-02T16:38:29+09:00,0, 100, 5992, 49140, 238.93
2026-08-02T16:38:29+09:00,1, 0, 5297, 49140, 232.23
2026-08-02T16:38:59+09:00,0, 0, 5992, 49140, 117.70
2026-08-02T16:38:59+09:00,1, 0, 5297, 49140, 84.39
2026-08-02T16:39:29+09:00,0, 0, 5992, 49140, 82.83
2026-08-02T16:39:29+09:00,1, 100, 5297, 49140, 118.97
2026-08-02T16:39:59+09:00,0, 100, 5992, 49140, 189.66
2026-08-02T16:39:59+09:00,1, 100, 5297, 49140, 202.15
2026-08-02T16:40:29+09:00,0, 100, 5992, 49140, 147.26
2026-08-02T16:40:29+09:00,1, 100, 5297, 49140, 188.24
2026-08-02T16:40:59+09:00,0, 0, 5992, 49140, 117.08
2026-08-02T16:40:59+09:00,1, 0, 5297, 49140, 117.83
2026-08-02T16:41:29+09:00,0, 0, 5992, 49140, 94.93
2026-08-02T16:41:29+09:00,1, 0, 5297, 49140, 112.18
2026-08-02T16:41:59+09:00,0, 100, 5992, 49140, 230.11
2026-08-02T16:41:59+09:00,1, 0, 5297, 49140, 82.30
2026-08-02T16:42:29+09:00,0, 42, 5992, 49140, 141.62
2026-08-02T16:42:29+09:00,1, 7, 5297, 49140, 176.26
2026-08-02T16:42:59+09:00,0, 0, 5992, 49140, 149.17
2026-08-02T16:42:59+09:00,1, 0, 5297, 49140, 149.50
2026-08-02T16:43:29+09:00,0, 82, 5992, 49140, 161.42
2026-08-02T16:43:29+09:00,1, 0, 5297, 49140, 176.66
2026-08-02T16:43:59+09:00,0, 98, 5992, 49140, 189.21
2026-08-02T16:43:59+09:00,1, 8, 5297, 49140, 189.42
2026-08-02T16:44:29+09:00,0, 95, 5992, 49140, 187.30
2026-08-02T16:44:29+09:00,1, 100, 5297, 49140, 205.08
2026-08-02T16:44:59+09:00,0, 0, 5992, 49140, 121.22
2026-08-02T16:44:59+09:00,1, 0, 5297, 49140, 40.83
2026-08-02T16:45:29+09:00,0, 0, 5992, 49140, 100.36
2026-08-02T16:45:29+09:00,1, 0, 5297, 49140, 109.47
2026-08-02T16:45:59+09:00,0, 94, 5992, 49140, 127.90
2026-08-02T16:45:59+09:00,1, 83, 5297, 49140, 125.65
2026-08-02T16:46:29+09:00,0, 25, 5992, 49140, 112.44
2026-08-02T16:46:29+09:00,1, 0, 5297, 49140, 121.28
2026-08-02T16:46:59+09:00,0, 100, 5992, 49140, 199.24
2026-08-02T16:46:59+09:00,1, 100, 5297, 49140, 191.50
2026-08-02T16:47:29+09:00,0, 0, 5992, 49140, 114.86
2026-08-02T16:47:29+09:00,1, 0, 5297, 49140, 84.99
2026-08-02T16:47:59+09:00,0, 0, 5992, 49140, 84.00
2026-08-02T16:47:59+09:00,1, 100, 5297, 49140, 120.08
2026-08-02T16:48:29+09:00,0, 0, 5992, 49140, 116.21
2026-08-02T16:48:29+09:00,1, 0, 5297, 49140, 82.01
2026-08-02T16:48:59+09:00,0, 100, 5992, 49140, 209.79
2026-08-02T16:48:59+09:00,1, 100, 5297, 49140, 196.98
2026-08-02T16:49:29+09:00,0, 50, 5992, 49140, 232.29
2026-08-02T16:49:29+09:00,1, 98, 5297, 49140, 225.56
2026-08-02T16:50:00+09:00,0, 0, 5992, 49140, 157.98
2026-08-02T16:50:00+09:00,1, 0, 5297, 49140, 154.93
2026-08-02T16:50:30+09:00,0, 73, 5992, 49140, 219.67
2026-08-02T16:50:30+09:00,1, 0, 5297, 49140, 81.54
2026-08-02T16:51:00+09:00,0, 100, 5992, 49140, 228.04
2026-08-02T16:51:00+09:00,1, 100, 5297, 49140, 227.99
2026-08-02T16:51:30+09:00,0, 0, 5992, 49140, 136.96
2026-08-02T16:51:30+09:00,1, 0, 5297, 49140, 128.85
2026-08-02T16:52:00+09:00,0, 0, 5992, 49140, 133.82
2026-08-02T16:52:00+09:00,1, 100, 5297, 49140, 148.08
2026-08-02T16:52:30+09:00,0, 98, 5992, 49140, 229.79
2026-08-02T16:52:30+09:00,1, 100, 5297, 49140, 237.87
2026-08-02T16:53:00+09:00,0, 0, 5992, 49140, 231.93
2026-08-02T16:53:00+09:00,1, 24, 5297, 49140, 244.11
2026-08-02T16:53:30+09:00,0, 0, 5992, 49140, 230.80
2026-08-02T16:53:30+09:00,1, 0, 5297, 49140, 39.72
2026-08-02T16:54:00+09:00,0, 100, 5992, 49140, 166.45
2026-08-02T16:54:00+09:00,1, 100, 5297, 49140, 176.88
2026-08-02T16:54:30+09:00,0, 0, 5992, 49140, 232.74
2026-08-02T16:54:30+09:00,1, 24, 5297, 49140, 241.91
2026-08-02T16:55:00+09:00,0, 0, 5992, 49140, 141.92
2026-08-02T16:55:00+09:00,1, 0, 5297, 49140, 135.17
2026-08-02T16:55:30+09:00,0, 0, 5992, 49140, 121.47
2026-08-02T16:55:30+09:00,1, 0, 5297, 49140, 113.38
2026-08-02T16:56:00+09:00,0, 0, 5992, 49140, 156.99
2026-08-02T16:56:00+09:00,1, 0, 5297, 49140, 82.78
2026-08-02T16:56:30+09:00,0, 100, 5992, 49140, 219.07
2026-08-02T16:56:30+09:00,1, 100, 5297, 49140, 217.51
2026-08-02T16:57:00+09:00,0, 0, 5992, 49140, 174.06
2026-08-02T16:57:00+09:00,1, 0, 5297, 49140, 164.48
2026-08-02T16:57:30+09:00,0, 0, 5992, 49140, 124.38
2026-08-02T16:57:30+09:00,1, 0, 5297, 49140, 115.56
2026-08-02T16:58:00+09:00,0, 100, 5992, 49140, 214.63
2026-08-02T16:58:00+09:00,1, 100, 5297, 49140, 225.92
2026-08-02T16:58:30+09:00,0, 100, 5992, 49140, 231.75
2026-08-02T16:58:30+09:00,1, 0, 5297, 49140, 242.92
2026-08-02T16:59:00+09:00,0, 0, 5992, 49140, 230.08
2026-08-02T16:59:00+09:00,1, 0, 5297, 49140, 41.06
2026-08-02T16:59:30+09:00,0, 0, 5992, 49140, 124.09
2026-08-02T16:59:30+09:00,1, 0, 5297, 49140, 129.04
2026-08-02T17:00:00+09:00,0, 100, 5992, 49140, 162.01
2026-08-02T17:00:00+09:00,1, 100, 5297, 49140, 172.02
2026-08-02T17:00:30+09:00,0, 22, 5992, 49140, 239.42
2026-08-02T17:00:30+09:00,1, 78, 5297, 49140, 235.18
2026-08-02T17:01:00+09:00,0, 0, 5992, 49140, 160.75
2026-08-02T17:01:00+09:00,1, 0, 5297, 49140, 155.55
2026-08-02T17:01:30+09:00,0, 100, 5992, 49140, 229.57
2026-08-02T17:01:30+09:00,1, 0, 5297, 49140, 84.20
2026-08-02T17:02:00+09:00,0, 0, 5992, 49140, 84.45
2026-08-02T17:02:00+09:00,1, 100, 5297, 49140, 119.75
2026-08-02T17:02:30+09:00,0, 100, 5992, 49140, 172.32
2026-08-02T17:02:30+09:00,1, 100, 5297, 49140, 168.62
2026-08-02T17:03:01+09:00,0, 100, 5992, 49140, 231.15
2026-08-02T17:03:01+09:00,1, 100, 5297, 49140, 240.21
2026-08-02T17:03:31+09:00,0, 0, 5992, 49140, 151.23
2026-08-02T17:03:31+09:00,1, 0, 5297, 49140, 146.93
2026-08-02T17:04:01+09:00,0, 0, 5992, 49140, 115.80
2026-08-02T17:04:01+09:00,1, 0, 5297, 49140, 129.71
2026-08-02T17:04:31+09:00,0, 0, 5992, 49140, 126.83
2026-08-02T17:04:31+09:00,1, 0, 5297, 49140, 80.59
2026-08-02T17:05:01+09:00,0, 0, 5992, 49140, 115.20
2026-08-02T17:05:01+09:00,1, 100, 5297, 49140, 126.82
2026-08-02T17:05:31+09:00,0, 100, 5992, 49140, 229.23
2026-08-02T17:05:31+09:00,1, 44, 5297, 49140, 232.91
2026-08-02T17:06:01+09:00,0, 0, 5992, 49140, 138.89
2026-08-02T17:06:01+09:00,1, 0, 5297, 49140, 131.16
2026-08-02T17:06:31+09:00,0, 100, 5992, 49140, 127.48
2026-08-02T17:06:31+09:00,1, 78, 5297, 49140, 138.50
2026-08-02T17:07:01+09:00,0, 100, 5992, 49140, 218.39
2026-08-02T17:07:01+09:00,1, 100, 5297, 49140, 231.40
2026-08-02T17:07:31+09:00,0, 100, 5992, 49140, 178.02
2026-08-02T17:07:31+09:00,1, 0, 5297, 49140, 39.44
2026-08-02T17:08:01+09:00,0, 0, 5992, 49140, 225.18
2026-08-02T17:08:01+09:00,1, 0, 5297, 49140, 210.81
2026-08-02T17:08:31+09:00,0, 0, 5992, 49140, 107.81
2026-08-02T17:08:31+09:00,1, 0, 5297, 49140, 118.73
2026-08-02T17:09:01+09:00,0, 100, 5992, 49140, 174.83
2026-08-02T17:09:01+09:00,1, 92, 5297, 49140, 187.74
2026-08-02T17:09:31+09:00,0, 100, 5992, 49140, 231.46
2026-08-02T17:09:31+09:00,1, 100, 5297, 49140, 237.37
2026-08-02T17:10:01+09:00,0, 86, 5992, 49140, 181.11
2026-08-02T17:10:01+09:00,1, 0, 5297, 49140, 82.00
2026-08-02T17:10:31+09:00,0, 100, 5992, 49140, 229.59
2026-08-02T17:10:31+09:00,1, 100, 5297, 49140, 228.53
2026-08-02T17:11:01+09:00,0, 0, 5992, 49140, 113.80
2026-08-02T17:11:01+09:00,1, 0, 5297, 49140, 127.22
2026-08-02T17:11:31+09:00,0, 0, 5992, 49140, 156.81
2026-08-02T17:11:31+09:00,1, 100, 5297, 49140, 169.43
2026-08-02T17:12:01+09:00,0, 100, 5992, 49140, 230.35
2026-08-02T17:12:01+09:00,1, 30, 5297, 49140, 236.74
2026-08-02T17:12:31+09:00,0, 0, 5992, 49140, 222.02
2026-08-02T17:12:31+09:00,1, 0, 5297, 49140, 208.82
2026-08-02T17:13:01+09:00,0, 100, 5992, 49140, 198.87
2026-08-02T17:13:01+09:00,1, 0, 5297, 49140, 39.60
2026-08-02T17:13:31+09:00,0, 0, 5992, 49140, 140.06
2026-08-02T17:13:31+09:00,1, 0, 5297, 49140, 128.35
2026-08-02T17:14:01+09:00,0, 100, 5992, 49140, 156.35
2026-08-02T17:14:01+09:00,1, 91, 5297, 49140, 151.01
2026-08-02T17:14:31+09:00,0, 100, 5992, 49140, 231.03
2026-08-02T17:14:31+09:00,1, 100, 5297, 49140, 236.46
2026-08-02T17:15:01+09:00,0, 0, 5992, 49140, 208.94
2026-08-02T17:15:01+09:00,1, 6, 5297, 49140, 225.21
2026-08-02T17:15:31+09:00,0, 100, 5992, 49140, 178.91
2026-08-02T17:15:31+09:00,1, 0, 5297, 49140, 83.44
2026-08-02T17:16:02+09:00,0, 0, 5992, 49140, 81.48
2026-08-02T17:16:02+09:00,1, 100, 5297, 49140, 119.58
2026-08-02T17:16:32+09:00,0, 0, 5992, 49140, 174.01
2026-08-02T17:16:32+09:00,1, 0, 5297, 49140, 164.88
2026-08-02T17:17:02+09:00,0, 0, 5992, 49140, 132.62
2026-08-02T17:17:02+09:00,1, 0, 5297, 49140, 122.88
2026-08-02T17:17:32+09:00,0, 100, 5992, 49140, 221.40
2026-08-02T17:17:32+09:00,1, 100, 5297, 49140, 231.38
2026-08-02T17:18:02+09:00,0, 100, 5992, 49140, 247.09
2026-08-02T17:18:02+09:00,1, 0, 5297, 49140, 237.22
2026-08-02T17:18:32+09:00,0, 0, 5992, 49140, 132.11
2026-08-02T17:18:32+09:00,1, 0, 5297, 49140, 41.69
2026-08-02T17:19:02+09:00,0, 100, 5992, 49140, 190.33
2026-08-02T17:19:02+09:00,1, 100, 5297, 49140, 175.70
2026-08-02T17:19:32+09:00,0, 0, 5992, 49140, 222.74
2026-08-02T17:19:32+09:00,1, 0, 5297, 49140, 212.66
2026-08-02T17:20:02+09:00,0, 0, 5992, 49140, 117.76
2026-08-02T17:20:02+09:00,1, 0, 5297, 49140, 110.17
2026-08-02T17:20:32+09:00,0, 83, 5992, 49140, 123.77
2026-08-02T17:20:32+09:00,1, 64, 5297, 49140, 140.08
2026-08-02T17:21:02+09:00,0, 0, 5992, 49140, 215.70
2026-08-02T17:21:02+09:00,1, 0, 5297, 49140, 84.47
2026-08-02T17:21:32+09:00,0, 12, 5992, 49140, 83.93
2026-08-02T17:21:32+09:00,1, 100, 5297, 49140, 118.93
2026-08-02T17:22:02+09:00,0, 3, 5992, 49140, 143.32
2026-08-02T17:22:02+09:00,1, 0, 5297, 49140, 134.06
2026-08-02T17:22:32+09:00,0, 100, 5992, 49140, 230.84
2026-08-02T17:22:32+09:00,1, 100, 5297, 49140, 233.59
2026-08-02T17:23:02+09:00,0, 100, 5992, 49140, 233.44
2026-08-02T17:23:02+09:00,1, 100, 5297, 49140, 238.58
2026-08-02T17:23:32+09:00,0, 100, 5992, 49140, 231.90
2026-08-02T17:23:32+09:00,1, 100, 5297, 49140, 230.23
2026-08-02T17:24:02+09:00,0, 0, 5992, 49140, 128.42
2026-08-02T17:24:02+09:00,1, 0, 5297, 49140, 81.50
2026-08-02T17:24:32+09:00,0, 100, 5992, 49140, 238.90
2026-08-02T17:24:32+09:00,1, 0, 5297, 49140, 231.27
2026-08-02T17:25:02+09:00,0, 0, 5992, 49140, 120.64
2026-08-02T17:25:02+09:00,1, 0, 5297, 49140, 109.13
2026-08-02T17:25:32+09:00,0, 0, 5992, 49140, 121.32
2026-08-02T17:25:32+09:00,1, 100, 5297, 49140, 131.48
2026-08-02T17:26:02+09:00,0, 100, 5992, 49140, 117.89
2026-08-02T17:26:02+09:00,1, 100, 5297, 49140, 141.07
2026-08-02T17:26:32+09:00,0, 83, 5992, 49140, 123.42
2026-08-02T17:26:32+09:00,1, 82, 5297, 49140, 122.53
2026-08-02T17:27:02+09:00,0, 0, 5992, 49140, 232.63
2026-08-02T17:27:02+09:00,1, 0, 5297, 49140, 39.44
2026-08-02T17:27:32+09:00,0, 0, 5992, 49140, 157.79
2026-08-02T17:27:32+09:00,1, 0, 5297, 49140, 164.62
2026-08-02T17:28:02+09:00,0, 0, 5992, 49140, 96.75
2026-08-02T17:28:02+09:00,1, 0, 5297, 49140, 113.73
2026-08-02T17:28:33+09:00,0, 100, 5992, 49140, 184.37
2026-08-02T17:28:33+09:00,1, 100, 5297, 49140, 182.60
2026-08-02T17:29:03+09:00,0, 100, 5992, 49140, 230.16
2026-08-02T17:29:03+09:00,1, 100, 5297, 49140, 237.32
2026-08-02T17:29:33+09:00,0, 0, 5992, 49140, 101.87
2026-08-02T17:29:33+09:00,1, 0, 5297, 49140, 83.55
2026-08-02T17:30:03+09:00,0, 2, 5992, 49140, 83.42
2026-08-02T17:30:03+09:00,1, 100, 5297, 49140, 119.54
2026-08-02T17:30:33+09:00,0, 100, 5992, 49140, 229.85
2026-08-02T17:30:33+09:00,1, 100, 5297, 49140, 233.00
2026-08-02T17:31:03+09:00,0, 100, 5992, 49140, 236.43
2026-08-02T17:31:03+09:00,1, 100, 5297, 49140, 234.41
2026-08-02T17:31:33+09:00,0, 0, 5992, 49140, 168.06
2026-08-02T17:31:33+09:00,1, 0, 5297, 49140, 181.17
2026-08-02T17:32:03+09:00,0, 0, 5992, 49140, 127.57
2026-08-02T17:32:03+09:00,1, 0, 5297, 49140, 119.48
2026-08-02T17:32:33+09:00,0, 0, 5992, 49140, 242.80
2026-08-02T17:32:33+09:00,1, 0, 5297, 49140, 82.30
2026-08-02T17:33:03+09:00,0, 0, 5992, 49140, 226.24
2026-08-02T17:33:03+09:00,1, 0, 5297, 49140, 208.43
2026-08-02T17:33:33+09:00,0, 0, 5992, 49140, 91.89
2026-08-02T17:33:33+09:00,1, 0, 5297, 49140, 84.95
2026-08-02T17:34:03+09:00,0, 100, 5992, 49140, 199.62
2026-08-02T17:34:03+09:00,1, 100, 5297, 49140, 211.62
2026-08-02T17:34:33+09:00,0, 0, 5992, 49140, 232.20
2026-08-02T17:34:33+09:00,1, 2, 5297, 49140, 242.33
2026-08-02T17:35:03+09:00,0, 0, 5992, 49140, 169.71
2026-08-02T17:35:03+09:00,1, 0, 5297, 49140, 164.18
2026-08-02T17:35:33+09:00,0, 0, 5992, 49140, 237.60
2026-08-02T17:35:33+09:00,1, 0, 5297, 49140, 39.18
2026-08-02T17:36:03+09:00,0, 80, 5992, 49140, 158.54
2026-08-02T17:36:03+09:00,1, 55, 5297, 49140, 167.60
2026-08-02T17:36:33+09:00,0, 100, 5992, 49140, 232.00
2026-08-02T17:36:33+09:00,1, 100, 5297, 49140, 233.87
2026-08-02T17:37:03+09:00,0, 0, 5992, 49140, 128.82
2026-08-02T17:37:03+09:00,1, 0, 5297, 49140, 120.75
2026-08-02T17:37:33+09:00,0, 0, 5992, 49140, 113.74
2026-08-02T17:37:33+09:00,1, 0, 5297, 49140, 123.49
2026-08-02T17:38:03+09:00,0, 0, 5992, 49140, 152.01
2026-08-02T17:38:03+09:00,1, 0, 5297, 49140, 82.71
2026-08-02T17:38:33+09:00,0, 0, 5992, 49140, 80.25
2026-08-02T17:38:33+09:00,1, 100, 5297, 49140, 119.41
2026-08-02T17:39:03+09:00,0, 51, 5992, 49140, 191.46
2026-08-02T17:39:03+09:00,1, 0, 5297, 49140, 199.62
2026-08-02T17:39:33+09:00,0, 6, 5992, 49140, 86.73
2026-08-02T17:39:33+09:00,1, 0, 5297, 49140, 96.43
2026-08-02T17:40:03+09:00,0, 100, 5992, 49140, 194.85
2026-08-02T17:40:03+09:00,1, 100, 5297, 49140, 186.05
2026-08-02T17:40:33+09:00,0, 98, 5992, 49140, 231.98
2026-08-02T17:40:33+09:00,1, 100, 5297, 49140, 238.01
2026-08-02T17:41:03+09:00,0, 100, 5992, 49140, 217.48
2026-08-02T17:41:03+09:00,1, 0, 5297, 49140, 40.91
2026-08-02T17:41:34+09:00,0, 0, 5992, 49140, 118.76
2026-08-02T17:41:34+09:00,1, 0, 5297, 49140, 127.67
2026-08-02T17:42:04+09:00,0, 98, 5992, 49140, 230.73
2026-08-02T17:42:04+09:00,1, 100, 5297, 49140, 231.65
2026-08-02T17:42:34+09:00,0, 0, 5992, 49140, 162.66
2026-08-02T17:42:34+09:00,1, 0, 5297, 49140, 153.54
2026-08-02T17:43:04+09:00,0, 0, 5992, 49140, 105.10
2026-08-02T17:43:04+09:00,1, 0, 5297, 49140, 95.52
2026-08-02T17:43:34+09:00,0, 0, 5992, 49140, 204.96
2026-08-02T17:43:34+09:00,1, 0, 5297, 49140, 84.27
2026-08-02T17:44:04+09:00,0, 0, 5992, 49140, 85.05
2026-08-02T17:44:04+09:00,1, 100, 5297, 49140, 119.29
2026-08-02T17:44:34+09:00,0, 0, 5992, 49140, 166.28
2026-08-02T17:44:34+09:00,1, 0, 5297, 49140, 156.12
2026-08-02T17:45:04+09:00,0, 0, 5992, 49140, 142.73
2026-08-02T17:45:04+09:00,1, 100, 5297, 49140, 132.43
2026-08-02T17:45:34+09:00,0, 100, 5992, 49140, 230.43
2026-08-02T17:45:34+09:00,1, 100, 5297, 49140, 236.38
2026-08-02T17:46:04+09:00,0, 0, 5992, 49140, 233.30
2026-08-02T17:46:04+09:00,1, 0, 5297, 49140, 225.95
2026-08-02T17:46:34+09:00,0, 77, 5992, 49140, 230.82
2026-08-02T17:46:34+09:00,1, 0, 5297, 49140, 81.64
2026-08-02T17:47:04+09:00,0, 0, 5992, 49140, 186.06
2026-08-02T17:47:04+09:00,1, 0, 5297, 49140, 170.88
2026-08-02T17:47:34+09:00,0, 100, 5992, 49140, 131.75
2026-08-02T17:47:34+09:00,1, 4, 5297, 49140, 122.45
2026-08-02T17:48:04+09:00,0, 100, 5992, 49140, 227.91
2026-08-02T17:48:04+09:00,1, 100, 5297, 49140, 234.51
2026-08-02T17:48:34+09:00,0, 0, 5992, 49140, 208.76
2026-08-02T17:48:34+09:00,1, 0, 5297, 49140, 222.61
2026-08-02T17:49:04+09:00,0, 0, 5992, 49140, 149.38
2026-08-02T17:49:04+09:00,1, 0, 5297, 49140, 143.50
2026-08-02T17:49:34+09:00,0, 0, 5992, 49140, 172.99
2026-08-02T17:49:34+09:00,1, 0, 5297, 49140, 39.57
2026-08-02T17:50:04+09:00,0, 0, 5992, 49140, 83.76
2026-08-02T17:50:04+09:00,1, 0, 5297, 49140, 81.00
2026-08-02T17:50:34+09:00,0, 100, 5992, 49140, 215.70
2026-08-02T17:50:34+09:00,1, 100, 5297, 49140, 207.87
2026-08-02T17:51:04+09:00,0, 28, 5992, 49140, 226.43
2026-08-02T17:51:04+09:00,1, 100, 5297, 49140, 216.99
2026-08-02T17:51:34+09:00,0, 0, 5992, 49140, 140.34
2026-08-02T17:51:34+09:00,1, 0, 5297, 49140, 155.32
2026-08-02T17:52:04+09:00,0, 100, 5992, 49140, 229.92
2026-08-02T17:52:04+09:00,1, 0, 5297, 49140, 83.06
2026-08-02T17:52:34+09:00,0, 0, 5992, 49140, 81.29
2026-08-02T17:52:34+09:00,1, 100, 5297, 49140, 120.09
2026-08-02T17:53:04+09:00,0, 100, 5992, 49140, 216.43
2026-08-02T17:53:04+09:00,1, 100, 5297, 49140, 228.06
2026-08-02T17:53:34+09:00,0, 0, 5992, 49140, 192.44
2026-08-02T17:53:34+09:00,1, 0, 5297, 49140, 203.30
2026-08-02T17:54:04+09:00,0, 0, 5992, 49140, 115.77
2026-08-02T17:54:04+09:00,1, 0, 5297, 49140, 110.18
2026-08-02T17:54:34+09:00,0, 62, 5992, 49140, 131.07
2026-08-02T17:54:34+09:00,1, 3, 5297, 49140, 125.22
2026-08-02T17:55:05+09:00,0, 0, 5992, 49140, 136.91
2026-08-02T17:55:05+09:00,1, 0, 5297, 49140, 41.26
2026-08-02T17:55:35+09:00,0, 100, 5992, 49140, 221.67
2026-08-02T17:55:35+09:00,1, 100, 5297, 49140, 212.73
2026-08-02T17:56:05+09:00,0, 0, 5992, 49140, 182.91
2026-08-02T17:56:05+09:00,1, 0, 5297, 49140, 169.66
2026-08-02T17:56:35+09:00,0, 0, 5992, 49140, 109.30
2026-08-02T17:56:35+09:00,1, 0, 5297, 49140, 100.90
2026-08-02T17:57:05+09:00,0, 100, 5992, 49140, 187.44
2026-08-02T17:57:05+09:00,1, 100, 5297, 49140, 200.07
2026-08-02T17:57:35+09:00,0, 0, 5992, 49140, 124.71
2026-08-02T17:57:35+09:00,1, 0, 5297, 49140, 85.18
2026-08-02T17:58:05+09:00,0, 0, 5992, 49140, 139.66
2026-08-02T17:58:05+09:00,1, 100, 5297, 49140, 76.77
2026-08-02T17:58:35+09:00,0, 0, 5992, 49140, 119.58
2026-08-02T17:58:35+09:00,1, 100, 5297, 49140, 110.18
2026-08-02T17:59:05+09:00,0, 100, 5992, 49140, 229.97
2026-08-02T17:59:05+09:00,1, 100, 5297, 49140, 234.46
2026-08-02T17:59:35+09:00,0, 0, 5992, 49140, 209.54
2026-08-02T17:59:35+09:00,1, 0, 5297, 49140, 222.07
2026-08-02T18:00:05+09:00,0, 0, 5992, 49140, 148.65
2026-08-02T18:00:05+09:00,1, 0, 5297, 49140, 142.12
2026-08-02T18:00:35+09:00,0, 100, 5992, 49140, 213.66
2026-08-02T18:00:35+09:00,1, 0, 5297, 49140, 82.30
2026-08-02T18:01:05+09:00,0, 0, 5992, 49140, 82.76
2026-08-02T18:01:05+09:00,1, 0, 5297, 49140, 78.92
2026-08-02T18:01:35+09:00,0, 100, 5992, 49140, 206.91
2026-08-02T18:01:35+09:00,1, 100, 5297, 49140, 219.18
2026-08-02T18:02:05+09:00,0, 0, 5992, 49140, 205.28
2026-08-02T18:02:05+09:00,1, 0, 5297, 49140, 220.10
2026-08-02T18:02:35+09:00,0, 0, 5992, 49140, 133.84
2026-08-02T18:02:35+09:00,1, 0, 5297, 49140, 123.45
2026-08-02T18:03:05+09:00,0, 0, 5992, 49140, 127.00
2026-08-02T18:03:05+09:00,1, 0, 5297, 49140, 120.05
2026-08-02T18:03:35+09:00,0, 0, 5992, 49140, 97.29
2026-08-02T18:03:35+09:00,1, 0, 5297, 49140, 39.83
2026-08-02T18:04:05+09:00,0, 0, 5992, 49140, 133.85
2026-08-02T18:04:05+09:00,1, 0, 5297, 49140, 120.48
2026-08-02T18:04:35+09:00,0, 57, 5992, 49140, 171.33
2026-08-02T18:04:35+09:00,1, 0, 5297, 49140, 163.77
2026-08-02T18:05:05+09:00,0, 100, 5992, 49140, 230.59
2026-08-02T18:05:05+09:00,1, 0, 5297, 49140, 236.51
2026-08-02T18:05:35+09:00,0, 0, 5992, 49140, 177.22
2026-08-02T18:05:35+09:00,1, 0, 5297, 49140, 190.73
2026-08-02T18:06:05+09:00,0, 100, 5992, 49140, 189.25
2026-08-02T18:06:05+09:00,1, 0, 5297, 49140, 82.74
2026-08-02T18:06:35+09:00,0, 0, 5992, 49140, 81.25
2026-08-02T18:06:35+09:00,1, 100, 5297, 49140, 120.39
2026-08-02T18:07:05+09:00,0, 0, 5992, 49140, 193.84
2026-08-02T18:07:05+09:00,1, 0, 5297, 49140, 204.17
2026-08-02T18:07:36+09:00,0, 0, 5992, 49140, 84.52
2026-08-02T18:07:36+09:00,1, 0, 5297, 49140, 84.25
2026-08-02T18:08:06+09:00,0, 100, 5992, 49140, 170.37
2026-08-02T18:08:06+09:00,1, 100, 5297, 49140, 163.66
2026-08-02T18:08:36+09:00,0, 100, 5992, 49140, 213.43
2026-08-02T18:08:36+09:00,1, 100, 5297, 49140, 234.22
2026-08-02T18:09:06+09:00,0, 0, 5992, 49140, 116.83
2026-08-02T18:09:06+09:00,1, 0, 5297, 49140, 41.27
2026-08-02T18:09:36+09:00,0, 0, 904, 49140, 39.51
2026-08-02T18:09:36+09:00,1, 0, 498, 49140, 36.75
2026-08-02T18:10:06+09:00,0, 0, 904, 49140, 33.09
2026-08-02T18:10:06+09:00,1, 0, 498, 49140, 33.59
2026-08-02T18:10:36+09:00,0, 0, 904, 49140, 32.80
2026-08-02T18:10:36+09:00,1, 0, 498, 49140, 32.92
2026-08-02T18:11:06+09:00,0, 100, 6328, 49140, 205.43
2026-08-02T18:11:06+09:00,1, 0, 498, 49140, 32.88
2026-08-02T18:11:36+09:00,0, 0, 6328, 49140, 77.75
2026-08-02T18:11:36+09:00,1, 0, 498, 49140, 32.81
2026-08-02T18:12:06+09:00,0, 0, 6328, 49140, 33.20
2026-08-02T18:12:06+09:00,1, 0, 498, 49140, 32.75
2026-08-02T18:12:36+09:00,0, 0, 6328, 49140, 32.75
2026-08-02T18:12:36+09:00,1, 0, 498, 49140, 32.73
2026-08-02T18:13:06+09:00,0, 0, 6328, 49140, 32.59
2026-08-02T18:13:06+09:00,1, 0, 498, 49140, 32.66
2026-08-02T18:13:36+09:00,0, 100, 6328, 49140, 186.48
2026-08-02T18:13:36+09:00,1, 0, 498, 49140, 32.53
2026-08-02T18:14:06+09:00,0, 0, 6330, 49140, 33.16
2026-08-02T18:14:06+09:00,1, 0, 498, 49140, 32.65
2026-08-02T18:14:36+09:00,0, 0, 6330, 49140, 32.71
2026-08-02T18:14:36+09:00,1, 0, 498, 49140, 32.69
2026-08-02T18:15:06+09:00,0, 0, 6330, 49140, 32.65
2026-08-02T18:15:06+09:00,1, 0, 498, 49140, 32.70
2026-08-02T18:15:36+09:00,0, 0, 6330, 49140, 32.53
2026-08-02T18:15:36+09:00,1, 0, 498, 49140, 32.64
2026-08-02T18:16:06+09:00,0, 100, 11126, 49140, 229.37
2026-08-02T18:16:06+09:00,1, 100, 5293, 49140, 220.40
2026-08-02T18:16:36+09:00,0, 0, 11126, 49140, 97.05
2026-08-02T18:16:36+09:00,1, 0, 5293, 49140, 113.99
2026-08-02T18:17:06+09:00,0, 100, 11126, 49140, 226.66
2026-08-02T18:17:06+09:00,1, 100, 5293, 49140, 229.96
2026-08-02T18:17:36+09:00,0, 0, 11126, 49140, 153.58
2026-08-02T18:17:36+09:00,1, 0, 5293, 49140, 140.17
2026-08-02T18:18:06+09:00,0, 99, 11414, 49140, 229.19
2026-08-02T18:18:06+09:00,1, 0, 5293, 49140, 79.23
2026-08-02T18:18:36+09:00,0, 0, 11414, 49140, 186.73
2026-08-02T18:18:36+09:00,1, 63, 5293, 49140, 189.47
2026-08-02T18:19:06+09:00,0, 74, 11414, 49140, 217.36
2026-08-02T18:19:06+09:00,1, 0, 5293, 49140, 200.71
2026-08-02T18:19:36+09:00,0, 0, 11414, 49140, 237.67
2026-08-02T18:19:36+09:00,1, 0, 5293, 49140, 243.53
2026-08-02T18:20:06+09:00,0, 29, 11414, 49140, 229.95
2026-08-02T18:20:06+09:00,1, 64, 5293, 49140, 238.21
2026-08-02T18:20:37+09:00,0, 100, 11414, 49140, 207.78
2026-08-02T18:20:37+09:00,1, 100, 5293, 49140, 214.89
2026-08-02T18:21:07+09:00,0, 0, 11414, 49140, 199.19
2026-08-02T18:21:07+09:00,1, 0, 5293, 49140, 39.54
2026-08-02T18:21:37+09:00,0, 0, 11414, 49140, 184.76
2026-08-02T18:21:37+09:00,1, 0, 5293, 49140, 194.07
2026-08-02T18:22:07+09:00,0, 0, 11414, 49140, 83.65
2026-08-02T18:22:07+09:00,1, 0, 5293, 49140, 107.39
2026-08-02T18:22:37+09:00,0, 100, 11414, 49140, 183.97
2026-08-02T18:22:37+09:00,1, 100, 5293, 49140, 172.10
2026-08-02T18:23:07+09:00,0, 100, 11414, 49140, 220.34
2026-08-02T18:23:07+09:00,1, 100, 5293, 49140, 237.46
2026-08-02T18:23:37+09:00,0, 0, 11414, 49140, 100.81
2026-08-02T18:23:37+09:00,1, 0, 5293, 49140, 83.45
2026-08-02T18:24:07+09:00,0, 0, 11414, 49140, 81.46
2026-08-02T18:24:07+09:00,1, 100, 5293, 49140, 119.87
2026-08-02T18:24:37+09:00,0, 100, 11414, 49140, 241.12
2026-08-02T18:24:37+09:00,1, 100, 5293, 49140, 234.42
2026-08-02T18:25:07+09:00,0, 0, 11414, 49140, 180.67
2026-08-02T18:25:07+09:00,1, 0, 5293, 49140, 167.36
2026-08-02T18:25:37+09:00,0, 0, 11414, 49140, 113.69
2026-08-02T18:25:37+09:00,1, 0, 5293, 49140, 119.66
2026-08-02T18:26:07+09:00,0, 0, 11414, 49140, 84.97
2026-08-02T18:26:07+09:00,1, 7, 5293, 49140, 108.03
2026-08-02T18:26:37+09:00,0, 0, 11414, 49140, 230.87
2026-08-02T18:26:37+09:00,1, 0, 5293, 49140, 45.94
2026-08-02T18:27:07+09:00,0, 0, 11414, 49140, 176.88
2026-08-02T18:27:07+09:00,1, 0, 5293, 49140, 164.06
2026-08-02T18:27:37+09:00,0, 100, 11414, 49140, 146.49
2026-08-02T18:27:37+09:00,1, 95, 5293, 49140, 146.10
2026-08-02T18:28:07+09:00,0, 100, 11414, 49140, 207.73
2026-08-02T18:28:07+09:00,1, 100, 5293, 49140, 228.10
2026-08-02T18:28:37+09:00,0, 96, 11414, 49140, 230.85
2026-08-02T18:28:37+09:00,1, 100, 5293, 49140, 237.45
2026-08-02T18:29:07+09:00,0, 0, 11414, 49140, 210.58
2026-08-02T18:29:07+09:00,1, 0, 5293, 49140, 198.97
2026-08-02T18:29:37+09:00,0, 100, 11414, 49140, 217.16
2026-08-02T18:29:37+09:00,1, 0, 5293, 49140, 39.47
2026-08-02T18:30:07+09:00,0, 0, 11414, 49140, 117.12
2026-08-02T18:30:07+09:00,1, 0, 5293, 49140, 152.12
2026-08-02T18:30:37+09:00,0, 0, 11414, 49140, 113.32
2026-08-02T18:30:37+09:00,1, 0, 5293, 49140, 108.86
2026-08-02T18:31:07+09:00,0, 0, 11414, 49140, 138.62
2026-08-02T18:31:07+09:00,1, 0, 5293, 49140, 129.96
2026-08-02T18:31:37+09:00,0, 40, 11414, 49140, 190.05
2026-08-02T18:31:37+09:00,1, 79, 5293, 49140, 187.55
2026-08-02T18:32:07+09:00,0, 0, 11414, 49140, 106.96
2026-08-02T18:32:07+09:00,1, 0, 5293, 49140, 84.34
2026-08-02T18:32:37+09:00,0, 6, 11414, 49140, 81.63
2026-08-02T18:32:37+09:00,1, 100, 5293, 49140, 119.24
2026-08-02T18:33:08+09:00,0, 80, 11414, 49140, 95.03
2026-08-02T18:33:08+09:00,1, 100, 5293, 49140, 131.30
2026-08-02T18:33:38+09:00,0, 0, 11414, 49140, 115.97
2026-08-02T18:33:38+09:00,1, 0, 5293, 49140, 95.81
2026-08-02T18:34:08+09:00,0, 0, 11414, 49140, 162.17
2026-08-02T18:34:08+09:00,1, 0, 5293, 49140, 174.99
2026-08-02T18:34:38+09:00,0, 0, 11414, 49140, 230.00
2026-08-02T18:34:38+09:00,1, 0, 5293, 49140, 216.32
2026-08-02T18:35:08+09:00,0, 0, 11414, 49140, 109.66
2026-08-02T18:35:08+09:00,1, 0, 5293, 49140, 82.65
2026-08-02T18:35:38+09:00,0, 0, 11414, 49140, 172.60
2026-08-02T18:35:38+09:00,1, 0, 5293, 49140, 151.12
2026-08-02T18:36:08+09:00,0, 0, 11414, 49140, 197.24
2026-08-02T18:36:08+09:00,1, 0, 5293, 49140, 199.22
2026-08-02T18:36:38+09:00,0, 0, 11414, 49140, 206.26
2026-08-02T18:36:38+09:00,1, 0, 5293, 49140, 190.79
2026-08-02T18:37:08+09:00,0, 0, 11414, 49140, 208.15
2026-08-02T18:37:08+09:00,1, 0, 5293, 49140, 214.69
2026-08-02T18:37:38+09:00,0, 59, 11414, 49140, 232.95
2026-08-02T18:37:38+09:00,1, 90, 5293, 49140, 220.88
2026-08-02T18:38:08+09:00,0, 0, 11414, 49140, 131.65
2026-08-02T18:38:08+09:00,1, 0, 5293, 49140, 41.54
2026-08-02T18:38:38+09:00,0, 100, 11414, 49140, 233.62
2026-08-02T18:38:38+09:00,1, 100, 5293, 49140, 216.05
2026-08-02T18:39:08+09:00,0, 0, 11414, 49140, 155.08
2026-08-02T18:39:08+09:00,1, 0, 5293, 49140, 159.52
2026-08-02T18:39:38+09:00,0, 0, 11414, 49140, 117.54
2026-08-02T18:39:38+09:00,1, 0, 5293, 49140, 85.91
2026-08-02T18:40:08+09:00,0, 100, 11414, 49140, 135.88
2026-08-02T18:40:08+09:00,1, 100, 5293, 49140, 137.35
2026-08-02T18:40:38+09:00,0, 0, 11414, 49140, 202.17
2026-08-02T18:40:38+09:00,1, 0, 5293, 49140, 85.27
2026-08-02T18:41:08+09:00,0, 0, 11414, 49140, 157.91
2026-08-02T18:41:08+09:00,1, 0, 5293, 49140, 45.29
2026-08-02T18:41:38+09:00,0, 100, 11414, 49140, 153.22
2026-08-02T18:41:38+09:00,1, 100, 5293, 49140, 160.96
2026-08-02T18:42:08+09:00,0, 100, 11414, 49140, 161.20
2026-08-02T18:42:08+09:00,1, 100, 5293, 49140, 172.63
2026-08-02T18:42:38+09:00,0, 46, 11414, 49140, 127.42
2026-08-02T18:42:38+09:00,1, 77, 5293, 49140, 137.73
2026-08-02T18:43:08+09:00,0, 0, 11414, 49140, 123.38
2026-08-02T18:43:08+09:00,1, 0, 5293, 49140, 135.63
2026-08-02T18:43:38+09:00,0, 100, 11414, 49140, 229.79
2026-08-02T18:43:38+09:00,1, 0, 5293, 49140, 83.39
2026-08-02T18:44:08+09:00,0, 0, 11414, 49140, 79.89
2026-08-02T18:44:08+09:00,1, 100, 5293, 49140, 118.79
2026-08-02T18:44:38+09:00,0, 100, 11414, 49140, 226.01
2026-08-02T18:44:38+09:00,1, 100, 5293, 49140, 231.58
2026-08-02T18:45:08+09:00,0, 100, 11414, 49140, 228.38
2026-08-02T18:45:08+09:00,1, 100, 5293, 49140, 235.13
2026-08-02T18:45:38+09:00,0, 100, 11414, 49140, 229.78
2026-08-02T18:45:38+09:00,1, 100, 5293, 49140, 237.49
2026-08-02T18:46:09+09:00,0, 100, 11414, 49140, 230.20
2026-08-02T18:46:09+09:00,1, 0, 5293, 49140, 237.86
2026-08-02T18:46:39+09:00,0, 43, 11414, 49140, 85.49
2026-08-02T18:46:39+09:00,1, 0, 5293, 49140, 43.13
2026-08-02T18:47:09+09:00,0, 100, 11414, 49140, 108.48
2026-08-02T18:47:09+09:00,1, 88, 5293, 49140, 120.07
2026-08-02T18:47:39+09:00,0, 100, 11414, 49140, 198.14
2026-08-02T18:47:39+09:00,1, 100, 5293, 49140, 199.37
2026-08-02T18:48:09+09:00,0, 100, 11414, 49140, 229.06
2026-08-02T18:48:09+09:00,1, 100, 5293, 49140, 234.72
2026-08-02T18:48:39+09:00,0, 0, 11414, 49140, 238.10
2026-08-02T18:48:39+09:00,1, 26, 5293, 49140, 243.81
2026-08-02T18:49:09+09:00,0, 0, 11414, 49140, 213.68
2026-08-02T18:49:09+09:00,1, 0, 5293, 49140, 198.29
2026-08-02T18:49:39+09:00,0, 100, 11414, 49140, 174.58
2026-08-02T18:49:39+09:00,1, 0, 5293, 49140, 38.92
2026-08-02T18:50:09+09:00,0, 100, 11414, 49140, 229.37
2026-08-02T18:50:09+09:00,1, 100, 5293, 49140, 235.05
2026-08-02T18:50:39+09:00,0, 0, 11414, 49140, 216.80
2026-08-02T18:50:39+09:00,1, 7, 5293, 49140, 225.09
2026-08-02T18:51:09+09:00,0, 0, 11414, 49140, 186.13
2026-08-02T18:51:09+09:00,1, 0, 5293, 49140, 170.14
2026-08-02T18:51:39+09:00,0, 0, 11414, 49140, 144.09
2026-08-02T18:51:39+09:00,1, 0, 5293, 49140, 150.10
2026-08-02T18:52:09+09:00,0, 100, 11414, 49140, 229.94
2026-08-02T18:52:09+09:00,1, 0, 5293, 49140, 83.35
2026-08-02T18:52:39+09:00,0, 0, 11414, 49140, 82.96
2026-08-02T18:52:39+09:00,1, 100, 5293, 49140, 120.06
2026-08-02T18:53:09+09:00,0, 0, 11414, 49140, 148.49
2026-08-02T18:53:09+09:00,1, 0, 5293, 49140, 131.91
2026-08-02T18:53:39+09:00,0, 0, 11414, 49140, 104.53
2026-08-02T18:53:39+09:00,1, 0, 5293, 49140, 106.43
2026-08-02T18:54:09+09:00,0, 0, 11414, 49140, 111.19
2026-08-02T18:54:09+09:00,1, 0, 5293, 49140, 92.15
2026-08-02T18:54:39+09:00,0, 0, 11414, 49140, 98.35
2026-08-02T18:54:39+09:00,1, 0, 5293, 49140, 104.08
2026-08-02T18:55:09+09:00,0, 0, 11414, 49140, 217.81
2026-08-02T18:55:09+09:00,1, 0, 5293, 49140, 43.15
2026-08-02T18:55:39+09:00,0, 0, 11414, 49140, 142.32
2026-08-02T18:55:39+09:00,1, 0, 5293, 49140, 146.94
2026-08-02T18:56:09+09:00,0, 0, 11414, 49140, 84.00
2026-08-02T18:56:09+09:00,1, 0, 5293, 49140, 88.64
2026-08-02T18:56:39+09:00,0, 0, 11414, 49140, 130.42
2026-08-02T18:56:39+09:00,1, 0, 5293, 49140, 131.27
2026-08-02T18:57:09+09:00,0, 72, 11414, 49140, 153.84
2026-08-02T18:57:09+09:00,1, 76, 5293, 49140, 176.59
2026-08-02T18:57:39+09:00,0, 100, 11414, 49140, 198.73
2026-08-02T18:57:39+09:00,1, 100, 5293, 49140, 199.97
2026-08-02T18:58:09+09:00,0, 0, 11414, 49140, 84.33
2026-08-02T18:58:09+09:00,1, 0, 5293, 49140, 39.53
2026-08-02T18:58:39+09:00,0, 0, 11414, 49140, 125.31
2026-08-02T18:58:39+09:00,1, 0, 5293, 49140, 128.87
2026-08-02T18:59:10+09:00,0, 0, 11414, 49140, 103.77
2026-08-02T18:59:10+09:00,1, 100, 5293, 49140, 137.23
2026-08-02T18:59:40+09:00,0, 0, 11414, 49140, 114.27
2026-08-02T18:59:40+09:00,1, 100, 5293, 49140, 121.90
2026-08-02T19:00:10+09:00,0, 88, 11414, 49140, 104.86
2026-08-02T19:00:10+09:00,1, 100, 5293, 49140, 133.58
2026-08-02T19:00:40+09:00,0, 0, 11414, 49140, 230.53
2026-08-02T19:00:40+09:00,1, 0, 5293, 49140, 84.37
2026-08-02T19:01:10+09:00,0, 0, 11414, 49140, 82.66
2026-08-02T19:01:10+09:00,1, 100, 5293, 49140, 119.74
2026-08-02T19:01:40+09:00,0, 100, 11414, 49140, 226.22
2026-08-02T19:01:40+09:00,1, 100, 5293, 49140, 235.66
2026-08-02T19:02:10+09:00,0, 65, 11414, 49140, 229.66
2026-08-02T19:02:10+09:00,1, 97, 5293, 49140, 234.55
2026-08-02T19:02:40+09:00,0, 0, 11414, 49140, 208.23
2026-08-02T19:02:40+09:00,1, 0, 5293, 49140, 212.53
2026-08-02T19:03:10+09:00,0, 0, 11414, 49140, 186.96
2026-08-02T19:03:10+09:00,1, 0, 5293, 49140, 172.12
2026-08-02T19:03:40+09:00,0, 100, 11414, 49140, 215.79
2026-08-02T19:03:40+09:00,1, 0, 5293, 49140, 82.17
2026-08-02T19:04:10+09:00,0, 0, 11414, 49140, 196.82
2026-08-02T19:04:10+09:00,1, 8, 5293, 49140, 177.19
2026-08-02T19:04:40+09:00,0, 0, 11414, 49140, 112.91
2026-08-02T19:04:40+09:00,1, 0, 5293, 49140, 110.67
2026-08-02T19:05:10+09:00,0, 0, 11414, 49140, 85.34
2026-08-02T19:05:10+09:00,1, 0, 5293, 49140, 88.32
2026-08-02T19:05:40+09:00,0, 0, 11414, 49140, 99.66
2026-08-02T19:05:40+09:00,1, 81, 5293, 49140, 102.72
2026-08-02T19:06:10+09:00,0, 0, 11414, 49140, 113.80
2026-08-02T19:06:10+09:00,1, 100, 5293, 49140, 119.14
2026-08-02T19:06:40+09:00,0, 0, 11414, 49140, 194.24
2026-08-02T19:06:40+09:00,1, 0, 5293, 49140, 40.27
2026-08-02T19:07:10+09:00,0, 83, 11414, 49140, 121.11
2026-08-02T19:07:10+09:00,1, 95, 5293, 49140, 146.32
2026-08-02T19:07:40+09:00,0, 100, 11414, 49140, 164.03
2026-08-02T19:07:40+09:00,1, 100, 5293, 49140, 174.85
2026-08-02T19:08:10+09:00,0, 100, 11414, 49140, 195.31
2026-08-02T19:08:10+09:00,1, 100, 5293, 49140, 213.21
2026-08-02T19:08:40+09:00,0, 98, 11414, 49140, 230.98
2026-08-02T19:08:40+09:00,1, 100, 5293, 49140, 238.35
2026-08-02T19:09:10+09:00,0, 0, 11414, 49140, 99.86
2026-08-02T19:09:10+09:00,1, 0, 5293, 49140, 84.04
2026-08-02T19:09:40+09:00,0, 0, 11414, 49140, 83.13
2026-08-02T19:09:40+09:00,1, 100, 5293, 49140, 120.06
2026-08-02T19:10:10+09:00,0, 81, 11414, 49140, 159.60
2026-08-02T19:10:10+09:00,1, 80, 5293, 49140, 157.68
2026-08-02T19:10:40+09:00,0, 100, 11414, 49140, 236.50
2026-08-02T19:10:40+09:00,1, 100, 5293, 49140, 244.78
2026-08-02T19:11:11+09:00,0, 0, 11414, 49140, 152.54
2026-08-02T19:11:11+09:00,1, 0, 5293, 49140, 163.44
2026-08-02T19:11:41+09:00,0, 0, 11414, 49140, 86.65
2026-08-02T19:11:41+09:00,1, 0, 5293, 49140, 87.05
2026-08-02T19:12:11+09:00,0, 0, 11414, 49140, 166.25
2026-08-02T19:12:11+09:00,1, 0, 5293, 49140, 67.77
2026-08-02T19:12:41+09:00,0, 0, 11414, 49140, 112.62
2026-08-02T19:12:41+09:00,1, 48, 5293, 49140, 104.53
2026-08-02T19:13:11+09:00,0, 40, 11414, 49140, 229.87
2026-08-02T19:13:11+09:00,1, 100, 5293, 49140, 232.22
2026-08-02T19:13:41+09:00,0, 0, 11414, 49140, 156.64
2026-08-02T19:13:41+09:00,1, 0, 5293, 49140, 163.73
2026-08-02T19:14:11+09:00,0, 0, 11414, 49140, 103.40
2026-08-02T19:14:11+09:00,1, 0, 5293, 49140, 96.87
2026-08-02T19:14:41+09:00,0, 100, 11414, 49140, 197.24
2026-08-02T19:14:41+09:00,1, 100, 5293, 49140, 192.93
2026-08-02T19:15:11+09:00,0, 100, 11414, 49140, 176.15
2026-08-02T19:15:11+09:00,1, 0, 5293, 49140, 39.61
2026-08-02T19:15:41+09:00,0, 0, 11414, 49140, 109.24
2026-08-02T19:15:41+09:00,1, 0, 5293, 49140, 112.08
2026-08-02T19:16:11+09:00,0, 100, 11414, 49140, 203.63
2026-08-02T19:16:11+09:00,1, 100, 5293, 49140, 199.27
2026-08-02T19:16:41+09:00,0, 27, 11414, 49140, 230.48
2026-08-02T19:16:41+09:00,1, 54, 5293, 49140, 214.12
2026-08-02T19:17:11+09:00,0, 0, 11414, 49140, 127.50
2026-08-02T19:17:11+09:00,1, 0, 5293, 49140, 137.34
2026-08-02T19:17:41+09:00,0, 67, 11414, 49140, 235.80
2026-08-02T19:17:41+09:00,1, 0, 5293, 49140, 82.93
2026-08-02T19:18:11+09:00,0, 0, 11414, 49140, 80.39
2026-08-02T19:18:11+09:00,1, 0, 5293, 49140, 99.07
2026-08-02T19:18:41+09:00,0, 100, 11414, 49140, 227.79
2026-08-02T19:18:41+09:00,1, 100, 5293, 49140, 231.42
2026-08-02T19:19:11+09:00,0, 0, 11414, 49140, 161.90
2026-08-02T19:19:11+09:00,1, 0, 5293, 49140, 168.18
2026-08-02T19:19:41+09:00,0, 78, 11414, 49140, 97.37
2026-08-02T19:19:41+09:00,1, 71, 5293, 49140, 115.58
2026-08-02T19:20:11+09:00,0, 100, 11414, 49140, 179.64
2026-08-02T19:20:11+09:00,1, 100, 5293, 49140, 177.91
2026-08-02T19:20:41+09:00,0, 100, 11414, 49140, 129.76
2026-08-02T19:20:41+09:00,1, 0, 5293, 49140, 40.98
2026-08-02T19:21:11+09:00,0, 100, 11414, 49140, 227.22
2026-08-02T19:21:11+09:00,1, 100, 5293, 49140, 228.99
2026-08-02T19:21:41+09:00,0, 0, 11414, 49140, 139.79
2026-08-02T19:21:41+09:00,1, 0, 5293, 49140, 124.52
2026-08-02T19:22:11+09:00,0, 100, 11414, 49140, 154.57
2026-08-02T19:22:11+09:00,1, 67, 5293, 49140, 151.72
2026-08-02T19:22:41+09:00,0, 100, 11414, 49140, 230.58
2026-08-02T19:22:41+09:00,1, 100, 5293, 49140, 237.03
2026-08-02T19:23:11+09:00,0, 0, 11414, 49140, 122.30
2026-08-02T19:23:11+09:00,1, 0, 5293, 49140, 84.74
2026-08-02T19:23:42+09:00,0, 9, 11414, 49140, 83.85
2026-08-02T19:23:42+09:00,1, 100, 5293, 49140, 119.76
2026-08-02T19:24:12+09:00,0, 23, 11414, 49140, 204.90
2026-08-02T19:24:12+09:00,1, 47, 5293, 49140, 211.43
2026-08-02T19:24:42+09:00,0, 0, 11414, 49140, 85.08
2026-08-02T19:24:42+09:00,1, 0, 5293, 49140, 85.04
2026-08-02T19:25:12+09:00,0, 6, 11414, 49140, 187.82
2026-08-02T19:25:12+09:00,1, 0, 5293, 49140, 181.55
2026-08-02T19:25:42+09:00,0, 100, 11414, 49140, 230.79
2026-08-02T19:25:42+09:00,1, 61, 5293, 49140, 238.00
2026-08-02T19:26:12+09:00,0, 100, 11414, 49140, 199.82
2026-08-02T19:26:12+09:00,1, 0, 5293, 49140, 44.67
2026-08-02T19:26:42+09:00,0, 24, 11414, 49140, 85.72
2026-08-02T19:26:42+09:00,1, 8, 5293, 49140, 102.16
2026-08-02T19:27:12+09:00,0, 100, 11414, 49140, 229.25
2026-08-02T19:27:12+09:00,1, 100, 5293, 49140, 233.16
2026-08-02T19:27:42+09:00,0, 0, 11414, 49140, 183.31
2026-08-02T19:27:42+09:00,1, 0, 5293, 49140, 174.95
2026-08-02T19:28:12+09:00,0, 0, 11414, 49140, 106.92
2026-08-02T19:28:12+09:00,1, 0, 5293, 49140, 86.05
2026-08-02T19:28:42+09:00,0, 0, 11414, 49140, 231.90
2026-08-02T19:28:42+09:00,1, 0, 5293, 49140, 85.46
2026-08-02T19:29:12+09:00,0, 0, 11414, 49140, 149.59
2026-08-02T19:29:12+09:00,1, 100, 5293, 49140, 65.40
2026-08-02T19:29:42+09:00,0, 97, 11414, 49140, 229.39
2026-08-02T19:29:42+09:00,1, 100, 5293, 49140, 230.55
2026-08-02T19:30:12+09:00,0, 0, 11414, 49140, 118.93
2026-08-02T19:30:12+09:00,1, 0, 5293, 49140, 104.86
2026-08-02T19:30:42+09:00,0, 80, 11414, 49140, 158.56
2026-08-02T19:30:42+09:00,1, 0, 5293, 49140, 160.26
2026-08-02T19:31:12+09:00,0, 100, 11414, 49140, 243.43
2026-08-02T19:31:12+09:00,1, 100, 5293, 49140, 237.86
2026-08-02T19:31:42+09:00,0, 0, 11414, 49140, 146.95
2026-08-02T19:31:42+09:00,1, 0, 5293, 49140, 82.17
2026-08-02T19:32:12+09:00,0, 0, 11414, 49140, 168.95
2026-08-02T19:32:12+09:00,1, 100, 5293, 49140, 165.39
2026-08-02T19:32:42+09:00,0, 0, 11414, 49140, 223.84
2026-08-02T19:32:42+09:00,1, 0, 5293, 49140, 228.47
2026-08-02T19:33:12+09:00,0, 0, 11414, 49140, 108.82
2026-08-02T19:33:12+09:00,1, 0, 5293, 49140, 114.57
2026-08-02T19:33:42+09:00,0, 100, 11414, 49140, 161.26
2026-08-02T19:33:42+09:00,1, 100, 5293, 49140, 157.74
2026-08-02T19:34:12+09:00,0, 100, 11414, 49140, 229.22
2026-08-02T19:34:12+09:00,1, 100, 5293, 49140, 230.99
2026-08-02T19:34:42+09:00,0, 57, 11414, 49140, 138.19
2026-08-02T19:34:42+09:00,1, 0, 5293, 49140, 39.92
2026-08-02T19:35:12+09:00,0, 100, 11414, 49140, 216.31
2026-08-02T19:35:12+09:00,1, 100, 5293, 49140, 215.02
2026-08-02T19:35:42+09:00,0, 0, 11414, 49140, 186.49
2026-08-02T19:35:42+09:00,1, 0, 5293, 49140, 193.98
2026-08-02T19:36:12+09:00,0, 0, 11414, 49140, 85.11
2026-08-02T19:36:12+09:00,1, 0, 5293, 49140, 87.48
2026-08-02T19:36:43+09:00,0, 45, 11414, 49140, 149.58
2026-08-02T19:36:43+09:00,1, 5, 5293, 49140, 146.33
2026-08-02T19:37:13+09:00,0, 0, 11414, 49140, 146.66
2026-08-02T19:37:13+09:00,1, 0, 5293, 49140, 83.83
2026-08-02T19:37:43+09:00,0, 2, 11414, 49140, 80.89
2026-08-02T19:37:43+09:00,1, 100, 5293, 49140, 120.35
2026-08-02T19:38:13+09:00,0, 100, 11414, 49140, 218.32
2026-08-02T19:38:13+09:00,1, 100, 5293, 49140, 215.15
2026-08-02T19:38:43+09:00,0, 68, 11414, 49140, 191.82
2026-08-02T19:38:43+09:00,1, 0, 5293, 49140, 200.34
2026-08-02T19:39:13+09:00,0, 0, 11414, 49140, 110.25
2026-08-02T19:39:13+09:00,1, 0, 5293, 49140, 114.08
2026-08-02T19:39:43+09:00,0, 100, 11414, 49140, 110.77
2026-08-02T19:39:43+09:00,1, 4, 5293, 49140, 106.92
2026-08-02T19:40:13+09:00,0, 0, 11414, 49140, 152.08
2026-08-02T19:40:13+09:00,1, 0, 5293, 49140, 43.03
2026-08-02T19:40:43+09:00,0, 100, 11414, 49140, 197.84
2026-08-02T19:40:43+09:00,1, 100, 5293, 49140, 192.84
2026-08-02T19:41:13+09:00,0, 0, 11414, 49140, 180.74
2026-08-02T19:41:13+09:00,1, 0, 5293, 49140, 185.30
2026-08-02T19:41:43+09:00,0, 0, 11414, 49140, 110.63
2026-08-02T19:41:43+09:00,1, 0, 5293, 49140, 84.72
2026-08-02T19:42:13+09:00,0, 43, 11414, 49140, 146.33
2026-08-02T19:42:13+09:00,1, 18, 5293, 49140, 150.48
2026-08-02T19:42:43+09:00,0, 0, 11414, 49140, 168.71
2026-08-02T19:42:43+09:00,1, 0, 5293, 49140, 173.23
2026-08-02T19:43:13+09:00,0, 6, 11414, 49140, 167.80
2026-08-02T19:43:13+09:00,1, 0, 5293, 49140, 39.14
2026-08-02T19:43:43+09:00,0, 0, 11414, 49140, 128.69
2026-08-02T19:43:43+09:00,1, 0, 5293, 49140, 139.20
2026-08-02T19:44:13+09:00,0, 0, 11414, 49140, 153.86
2026-08-02T19:44:13+09:00,1, 0, 5293, 49140, 156.75
2026-08-02T19:44:43+09:00,0, 100, 11414, 49140, 221.56
2026-08-02T19:44:43+09:00,1, 100, 5293, 49140, 218.55
2026-08-02T19:45:13+09:00,0, 100, 11414, 49140, 238.93
2026-08-02T19:45:13+09:00,1, 0, 5293, 49140, 237.82
2026-08-02T19:45:43+09:00,0, 100, 11414, 49140, 152.42
2026-08-02T19:45:43+09:00,1, 0, 5293, 49140, 83.36
2026-08-02T19:46:13+09:00,0, 0, 11414, 49140, 79.94
2026-08-02T19:46:13+09:00,1, 0, 5293, 49140, 116.03
2026-08-02T19:46:43+09:00,0, 0, 11414, 49140, 178.54
2026-08-02T19:46:43+09:00,1, 0, 5293, 49140, 175.86
2026-08-02T19:47:13+09:00,0, 0, 11414, 49140, 147.10
2026-08-02T19:47:13+09:00,1, 0, 5293, 49140, 127.78
2026-08-02T19:47:43+09:00,0, 0, 11414, 49140, 88.28
2026-08-02T19:47:43+09:00,1, 0, 5293, 49140, 90.61
2026-08-02T19:48:13+09:00,0, 0, 11414, 49140, 107.40
2026-08-02T19:48:13+09:00,1, 0, 5293, 49140, 132.68
2026-08-02T19:48:43+09:00,0, 0, 11414, 49140, 180.16
2026-08-02T19:48:43+09:00,1, 0, 5293, 49140, 41.89
2026-08-02T19:49:14+09:00,0, 0, 11414, 49140, 228.79
2026-08-02T19:49:14+09:00,1, 0, 5293, 49140, 198.20
2026-08-02T19:49:44+09:00,0, 100, 11414, 49140, 228.52
2026-08-02T19:49:44+09:00,1, 100, 5293, 49140, 234.43
2026-08-02T19:50:14+09:00,0, 100, 11414, 49140, 229.35
2026-08-02T19:50:14+09:00,1, 100, 5293, 49140, 236.37
2026-08-02T19:50:44+09:00,0, 100, 11414, 49140, 229.95
2026-08-02T19:50:44+09:00,1, 100, 5293, 49140, 237.28
2026-08-02T19:51:14+09:00,0, 0, 11414, 49140, 126.69
2026-08-02T19:51:14+09:00,1, 0, 5293, 49140, 109.35
2026-08-02T19:51:44+09:00,0, 100, 11414, 49140, 229.15
2026-08-02T19:51:44+09:00,1, 0, 5293, 49140, 39.13
2026-08-02T19:52:14+09:00,0, 91, 11414, 49140, 205.06
2026-08-02T19:52:14+09:00,1, 100, 5293, 49140, 226.96
2026-08-02T19:52:44+09:00,0, 64, 11414, 49140, 228.91
2026-08-02T19:52:44+09:00,1, 80, 5293, 49140, 235.32
2026-08-02T19:53:14+09:00,0, 0, 11414, 49140, 244.30
2026-08-02T19:53:14+09:00,1, 18, 5293, 49140, 236.21
2026-08-02T19:53:44+09:00,0, 0, 11414, 49140, 234.69
2026-08-02T19:53:44+09:00,1, 0, 5293, 49140, 243.27
2026-08-02T19:54:14+09:00,0, 100, 11414, 49140, 184.84
2026-08-02T19:54:14+09:00,1, 0, 5293, 49140, 83.18
2026-08-02T19:54:44+09:00,0, 0, 11414, 49140, 80.01
2026-08-02T19:54:44+09:00,1, 0, 5293, 49140, 109.97
2026-08-02T19:55:14+09:00,0, 0, 11414, 49140, 120.28
2026-08-02T19:55:14+09:00,1, 0, 5293, 49140, 121.09
2026-08-02T19:55:44+09:00,0, 100, 11414, 49140, 230.29
2026-08-02T19:55:44+09:00,1, 100, 5293, 49140, 246.95
2026-08-02T19:56:14+09:00,0, 0, 11414, 49140, 166.39
2026-08-02T19:56:14+09:00,1, 0, 5293, 49140, 171.76
2026-08-02T19:56:44+09:00,0, 0, 11414, 49140, 107.67
2026-08-02T19:56:44+09:00,1, 0, 5293, 49140, 108.07
2026-08-02T19:57:14+09:00,0, 0, 11414, 49140, 111.93
2026-08-02T19:57:14+09:00,1, 0, 5293, 49140, 41.02
2026-08-02T19:57:44+09:00,0, 100, 11414, 49140, 228.55
2026-08-02T19:57:44+09:00,1, 100, 5293, 49140, 230.74
2026-08-02T19:58:14+09:00,0, 0, 11414, 49140, 124.69
2026-08-02T19:58:14+09:00,1, 0, 5293, 49140, 125.57
2026-08-02T19:58:44+09:00,0, 0, 11414, 49140, 171.61
2026-08-02T19:58:44+09:00,1, 100, 5293, 49140, 173.66
2026-08-02T19:59:14+09:00,0, 0, 11414, 49140, 231.11
2026-08-02T19:59:14+09:00,1, 0, 5293, 49140, 237.21
2026-08-02T19:59:44+09:00,0, 100, 11414, 49140, 168.25
2026-08-02T19:59:44+09:00,1, 0, 5293, 49140, 84.16
2026-08-02T20:00:14+09:00,0, 0, 11414, 49140, 83.55
2026-08-02T20:00:14+09:00,1, 0, 5293, 49140, 111.21
2026-08-02T20:00:44+09:00,0, 0, 11414, 49140, 119.24
2026-08-02T20:00:44+09:00,1, 0, 5293, 49140, 115.46
2026-08-02T20:01:14+09:00,0, 100, 11414, 49140, 230.41
2026-08-02T20:01:14+09:00,1, 100, 5293, 49140, 233.43
2026-08-02T20:01:44+09:00,0, 0, 11414, 49140, 174.06
2026-08-02T20:01:44+09:00,1, 0, 5293, 49140, 178.24
2026-08-02T20:02:15+09:00,0, 0, 11414, 49140, 86.07
2026-08-02T20:02:15+09:00,1, 0, 5293, 49140, 86.71
2026-08-02T20:02:45+09:00,0, 0, 11414, 49140, 110.90
2026-08-02T20:02:45+09:00,1, 0, 5293, 49140, 41.19
2026-08-02T20:03:15+09:00,0, 0, 11414, 49140, 158.65
2026-08-02T20:03:15+09:00,1, 0, 5293, 49140, 158.44
2026-08-02T20:03:45+09:00,0, 0, 11414, 49140, 153.71
2026-08-02T20:03:45+09:00,1, 0, 5293, 49140, 151.68
2026-08-02T20:04:15+09:00,0, 100, 11414, 49140, 229.68
2026-08-02T20:04:15+09:00,1, 100, 5293, 49140, 235.77
2026-08-02T20:04:45+09:00,0, 78, 11414, 49140, 214.02
2026-08-02T20:04:45+09:00,1, 90, 5293, 49140, 202.27
2026-08-02T20:05:15+09:00,0, 100, 11414, 49140, 210.93
2026-08-02T20:05:15+09:00,1, 0, 5293, 49140, 83.89
2026-08-02T20:05:45+09:00,0, 5, 11414, 49140, 82.62
2026-08-02T20:05:45+09:00,1, 100, 5293, 49140, 119.98
2026-08-02T20:06:15+09:00,0, 37, 11414, 49140, 113.06
2026-08-02T20:06:15+09:00,1, 63, 5293, 49140, 109.37
2026-08-02T20:06:45+09:00,0, 98, 11414, 49140, 228.17
2026-08-02T20:06:45+09:00,1, 100, 5293, 49140, 234.06
2026-08-02T20:07:15+09:00,0, 0, 11414, 49140, 188.98
2026-08-02T20:07:15+09:00,1, 0, 5293, 49140, 197.04
2026-08-02T20:07:45+09:00,0, 0, 11414, 49140, 126.96
2026-08-02T20:07:45+09:00,1, 0, 5293, 49140, 117.28
2026-08-02T20:08:15+09:00,0, 0, 11414, 49140, 173.18
2026-08-02T20:08:15+09:00,1, 0, 5293, 49140, 62.14
2026-08-02T20:08:45+09:00,0, 0, 11414, 49140, 101.08
2026-08-02T20:08:45+09:00,1, 0, 5293, 49140, 116.53
2026-08-02T20:09:15+09:00,0, 100, 11414, 49140, 228.43
2026-08-02T20:09:15+09:00,1, 100, 5293, 49140, 232.42
2026-08-02T20:09:45+09:00,0, 0, 11414, 49140, 166.94
2026-08-02T20:09:45+09:00,1, 0, 5293, 49140, 173.86
2026-08-02T20:10:15+09:00,0, 0, 11414, 49140, 100.00
2026-08-02T20:10:15+09:00,1, 0, 5293, 49140, 98.87
2026-08-02T20:10:45+09:00,0, 48, 11414, 49140, 213.06
2026-08-02T20:10:45+09:00,1, 0, 5293, 49140, 85.39
2026-08-02T20:11:15+09:00,0, 0, 11414, 49140, 149.38
2026-08-02T20:11:15+09:00,1, 100, 5293, 49140, 59.46
2026-08-02T20:11:45+09:00,0, 100, 11414, 49140, 194.94
2026-08-02T20:11:45+09:00,1, 74, 5293, 49140, 198.21
2026-08-02T20:12:15+09:00,0, 97, 11414, 49140, 201.47
2026-08-02T20:12:15+09:00,1, 0, 5293, 49140, 205.67
2026-08-02T20:12:45+09:00,0, 0, 11414, 49140, 108.81
2026-08-02T20:12:45+09:00,1, 0, 5293, 49140, 113.76
2026-08-02T20:13:15+09:00,0, 100, 11414, 49140, 168.55
2026-08-02T20:13:15+09:00,1, 100, 5293, 49140, 168.57
2026-08-02T20:13:45+09:00,0, 7, 11414, 49140, 110.34
2026-08-02T20:13:45+09:00,1, 0, 5293, 49140, 43.06
2026-08-02T20:14:15+09:00,0, 0, 11414, 49140, 172.63
2026-08-02T20:14:15+09:00,1, 0, 5293, 49140, 170.62
2026-08-02T20:14:46+09:00,0, 53, 11414, 49140, 129.50
2026-08-02T20:14:46+09:00,1, 22, 5293, 49140, 128.27
2026-08-02T20:15:16+09:00,0, 100, 11414, 49140, 229.69
2026-08-02T20:15:16+09:00,1, 100, 5293, 49140, 234.92
2026-08-02T20:15:46+09:00,0, 0, 11414, 49140, 177.14
2026-08-02T20:15:46+09:00,1, 0, 5293, 49140, 183.30
2026-08-02T20:16:16+09:00,0, 100, 11414, 49140, 229.13
2026-08-02T20:16:16+09:00,1, 0, 5293, 49140, 86.09
2026-08-02T20:16:46+09:00,0, 0, 11414, 49140, 215.27
2026-08-02T20:16:46+09:00,1, 0, 5293, 49140, 38.98
2026-08-02T20:17:16+09:00,0, 0, 11414, 49140, 151.11
2026-08-02T20:17:16+09:00,1, 0, 5293, 49140, 150.98
2026-08-02T20:17:46+09:00,0, 0, 11414, 49140, 141.77
2026-08-02T20:17:46+09:00,1, 0, 5293, 49140, 141.49
2026-08-02T20:18:16+09:00,0, 100, 11414, 49140, 230.63
2026-08-02T20:18:16+09:00,1, 100, 5293, 49140, 250.93
2026-08-02T20:18:46+09:00,0, 21, 11414, 49140, 184.17
2026-08-02T20:18:46+09:00,1, 0, 5293, 49140, 189.50
2026-08-02T20:19:16+09:00,0, 100, 11414, 49140, 230.55
2026-08-02T20:19:16+09:00,1, 0, 5293, 49140, 45.39
2026-08-02T20:19:46+09:00,0, 100, 11414, 49140, 220.10
2026-08-02T20:19:46+09:00,1, 100, 5293, 49140, 218.35
2026-08-02T20:20:16+09:00,0, 0, 11414, 49140, 151.86
2026-08-02T20:20:16+09:00,1, 0, 5293, 49140, 155.96
2026-08-02T20:20:46+09:00,0, 100, 11414, 49140, 130.86
2026-08-02T20:20:46+09:00,1, 66, 5293, 49140, 133.54
2026-08-02T20:21:16+09:00,0, 100, 11414, 49140, 230.46
2026-08-02T20:21:16+09:00,1, 100, 5293, 49140, 237.56
2026-08-02T20:21:46+09:00,0, 17, 11414, 49140, 242.60
2026-08-02T20:21:46+09:00,1, 30, 5293, 49140, 243.03
2026-08-02T20:22:16+09:00,0, 100, 11414, 49140, 181.62
2026-08-02T20:22:16+09:00,1, 0, 5293, 49140, 39.38
2026-08-02T20:22:46+09:00,0, 0, 11414, 49140, 112.63
2026-08-02T20:22:46+09:00,1, 0, 5293, 49140, 81.18
2026-08-02T20:23:16+09:00,0, 100, 11414, 49140, 207.85
2026-08-02T20:23:16+09:00,1, 100, 5293, 49140, 209.51
2026-08-02T20:23:46+09:00,0, 89, 11414, 49140, 221.59
2026-08-02T20:23:46+09:00,1, 98, 5293, 49140, 223.62
2026-08-02T20:24:16+09:00,0, 0, 11414, 49140, 183.50
2026-08-02T20:24:16+09:00,1, 0, 5293, 49140, 162.92
2026-08-02T20:24:46+09:00,0, 57, 11414, 49140, 169.79
2026-08-02T20:24:46+09:00,1, 0, 5293, 49140, 84.65
2026-08-02T20:25:16+09:00,0, 0, 11414, 49140, 82.01
2026-08-02T20:25:16+09:00,1, 100, 5293, 49140, 119.97
2026-08-02T20:25:46+09:00,0, 0, 11414, 49140, 228.73
2026-08-02T20:25:46+09:00,1, 6, 5293, 49140, 230.75
2026-08-02T20:26:16+09:00,0, 0, 11414, 49140, 156.19
2026-08-02T20:26:16+09:00,1, 0, 5293, 49140, 139.85
2026-08-02T20:26:46+09:00,0, 0, 11414, 49140, 120.89
2026-08-02T20:26:46+09:00,1, 0, 5293, 49140, 98.39
2026-08-02T20:27:16+09:00,0, 0, 11414, 49140, 103.01
2026-08-02T20:27:16+09:00,1, 0, 5293, 49140, 101.97
2026-08-02T20:27:47+09:00,0, 76, 11414, 49140, 229.82
2026-08-02T20:27:47+09:00,1, 0, 5293, 49140, 44.46
2026-08-02T20:28:17+09:00,0, 52, 11414, 49140, 229.62
2026-08-02T20:28:17+09:00,1, 64, 5293, 49140, 229.63
2026-08-02T20:28:47+09:00,0, 0, 11414, 49140, 123.32
2026-08-02T20:28:47+09:00,1, 0, 5293, 49140, 124.53
2026-08-02T20:29:17+09:00,0, 0, 11414, 49140, 116.71
2026-08-02T20:29:17+09:00,1, 0, 5293, 49140, 108.44
2026-08-02T20:29:47+09:00,0, 0, 11414, 49140, 85.72
2026-08-02T20:29:47+09:00,1, 0, 5293, 49140, 87.04
2026-08-02T20:30:17+09:00,0, 100, 11414, 49140, 230.30
2026-08-02T20:30:17+09:00,1, 0, 5293, 49140, 84.89
2026-08-02T20:30:47+09:00,0, 8, 11414, 49140, 85.89
2026-08-02T20:30:47+09:00,1, 100, 5293, 49140, 119.50
2026-08-02T20:31:17+09:00,0, 0, 11414, 49140, 138.73
2026-08-02T20:31:17+09:00,1, 0, 5293, 49140, 140.08
2026-08-02T20:31:47+09:00,0, 0, 11414, 49140, 103.79
2026-08-02T20:31:47+09:00,1, 0, 5293, 49140, 102.17
2026-08-02T20:32:17+09:00,0, 0, 11414, 49140, 98.02
2026-08-02T20:32:17+09:00,1, 0, 5293, 49140, 98.99
2026-08-02T20:32:47+09:00,0, 0, 11414, 49140, 84.42
2026-08-02T20:32:47+09:00,1, 0, 5293, 49140, 99.45
2026-08-02T20:33:17+09:00,0, 17, 11414, 49140, 230.02
2026-08-02T20:33:17+09:00,1, 0, 5293, 49140, 82.80
2026-08-02T20:33:47+09:00,0, 0, 11414, 49140, 229.34
2026-08-02T20:33:47+09:00,1, 97, 5293, 49140, 227.91
2026-08-02T20:34:17+09:00,0, 0, 11414, 49140, 197.44
2026-08-02T20:34:17+09:00,1, 0, 5293, 49140, 200.60
2026-08-02T20:34:47+09:00,0, 0, 11414, 49140, 197.78
2026-08-02T20:34:47+09:00,1, 0, 5293, 49140, 176.47
2026-08-02T20:35:17+09:00,0, 0, 11414, 49140, 176.08
2026-08-02T20:35:17+09:00,1, 0, 5293, 49140, 175.00
2026-08-02T20:35:47+09:00,0, 0, 11414, 49140, 183.36
2026-08-02T20:35:47+09:00,1, 0, 5293, 49140, 182.79
2026-08-02T20:36:17+09:00,0, 100, 11414, 49140, 204.36
2026-08-02T20:36:17+09:00,1, 0, 5293, 49140, 40.64
2026-08-02T20:36:47+09:00,0, 0, 6330, 49140, 37.13
2026-08-02T20:36:47+09:00,1, 0, 498, 49140, 36.17
2026-08-02T20:37:17+09:00,0, 0, 6330, 49140, 32.98
2026-08-02T20:37:17+09:00,1, 0, 498, 49140, 33.66
2026-08-02T20:37:47+09:00,0, 0, 6330, 49140, 32.75
2026-08-02T20:37:47+09:00,1, 0, 498, 49140, 33.15
2026-08-02T20:38:17+09:00,0, 100, 6330, 49140, 217.54
2026-08-02T20:38:17+09:00,1, 0, 498, 49140, 32.99
2026-08-02T20:38:47+09:00,0, 0, 6330, 49140, 62.09
2026-08-02T20:38:47+09:00,1, 0, 498, 49140, 32.91
